Species in NORCCA	scientific_name	Link to NORCCA website
Achnantes sp.		
Acrosiphonia sonderi	Acrosiphonia sonderi	https://norcca.scrol.net/species/Acrosiphonia-sonderi
Actinoptychus senarius	Actinoptychus senarius	https://norcca.scrol.net/species/Actinoptychus-senarius
Aff. Isochrysis sp.		
Aglaothamnion byssoides	Aglaothamnion byssoides	https://norcca.scrol.net/species/Aglaothamnion-byssoides
Alexandrium affine	Alexandrium affine	https://norcca.scrol.net/species/Alexandrium-affine
Alexandrium catenella	Alexandrium catenella	https://norcca.scrol.net/species/Alexandrium-catenella
Alexandrium minutum	Alexandrium minutum	https://norcca.scrol.net/species/Alexandrium-minutum
Alexandrium ostenfeldii	Alexandrium ostenfeldii	https://norcca.scrol.net/species/Alexandrium-ostenfeldii
Alexandrium pseudogonyaulax	Alexandrium pseudogonyaulax	https://norcca.scrol.net/species/Alexandrium-pseudogonyaulax
Alexandrium tamarense	Alexandrium tamarense	https://norcca.scrol.net/species/Alexandrium-tamarense
Amphidinium carterae	Amphidinium carterae	https://norcca.scrol.net/species/Amphidinium-carterae
Amphidinium sp.		
Amphidoma languida	Amphidoma languida	https://norcca.scrol.net/species/Amphidoma-languida
Amphora coffaeiformis	Amphora coffaeiformis	https://norcca.scrol.net/species/Amphora-coffaeiformis
Amphora sp.		
Anabaena austro-africana	Anabaena austro-africana	https://norcca.scrol.net/species/Anabaena-austro-africana
Anabaena inaequalis	Anabaena inaequalis	https://norcca.scrol.net/species/Anabaena-inaequalis
Anabaena lemmermannii var. lemmermannii	Anabaena lemmermannii var. lemmermannii	https://norcca.scrol.net/species/Anabaena-lemmermannii-var-lemmermannii
Anabaena lemmermannii var. minor	Anabaena lemmermannii var. minor	https://norcca.scrol.net/species/Anabaena-lemmermannii-var-minor
Anabaena oscillarioides	Anabaena oscillarioides	https://norcca.scrol.net/species/Anabaena-oscillarioides
Anabaena planctonica	Anabaena planctonica	https://norcca.scrol.net/species/Anabaena-planctonica
Anabaena solitaria	Anabaena solitaria	https://norcca.scrol.net/species/Anabaena-solitaria
Anabaena sp.		
Anabaena subcylindrica	Anabaena subcylindrica	https://norcca.scrol.net/species/Anabaena-subcylindrica
Anabaena torulosa	Anabaena torulosa	https://norcca.scrol.net/species/Anabaena-torulosa
Anabaenopsis arnoldii	Anabaenopsis arnoldii	https://norcca.scrol.net/species/Anabaenopsis-arnoldii
Anabaenopsis elenkinii	Anabaenopsis elenkinii	https://norcca.scrol.net/species/Anabaenopsis-elenkinii
Anabaenopsis sp.		
Anatheca cf. clathrata	Anatheca clathrata	https://norcca.scrol.net/species/Anatheca-cf-clathrata
Ankistrodesmus spiralis	Ankistrodesmus spiralis	https://norcca.scrol.net/species/Ankistrodesmus-spiralis
Apatococcus lobatus	Apatococcus lobatus	https://norcca.scrol.net/species/Apatococcus-lobatus
Apedinella radians	Apedinella radians	https://norcca.scrol.net/species/Apedinella-radians
Aphanizomenon cf. klebahnii	Aphanizomenon klebahnii	https://norcca.scrol.net/species/Aphanizomenon-cf-klebahnii
Aphanizomenon flos-aquae	Aphanizomenon flos-aquae	https://norcca.scrol.net/species/Aphanizomenon-flos-aquae
Aphanizomenon gracile	Aphanizomenon gracile	https://norcca.scrol.net/species/Aphanizomenon-gracile
Aphanocapsa cf. grevillei	Aphanocapsa grevillei	https://norcca.scrol.net/species/Aphanocapsa-cf-grevillei
Aphanocapsa muscicola	Aphanocapsa muscicola	https://norcca.scrol.net/species/Aphanocapsa-muscicola
Aphanochaete sp.		
Aphanothece cf. elabens	Aphanothece elabens	https://norcca.scrol.net/species/Aphanothece-cf-elabens
Apocalathium aciculiferum	Apocalathium aciculiferum	https://norcca.scrol.net/species/Apocalathium-aciculiferum
Apocalathium malmogiense	Apocalathium malmogiense	https://norcca.scrol.net/species/Apocalathium-malmogiense
Arcocellulus cornucervis	Arcocellulus cornucervis	https://norcca.scrol.net/species/Arcocellulus-cornucervis
Arthronema africanum	Arthronema africanum	https://norcca.scrol.net/species/Arthronema-africanum
Arthrospira fusiformis	Arthrospira fusiformis	https://norcca.scrol.net/species/Arthrospira-fusiformis
Arthrospira maxima	Arthrospira maxima	https://norcca.scrol.net/species/Arthrospira-maxima
Arthrospira platensis	Arthrospira platensis	https://norcca.scrol.net/species/Arthrospira-platensis
Arthrospira sp.		
Asperococcus fistulosus	Asperococcus fistulosus	https://norcca.scrol.net/species/Asperococcus-fistulosus
Asterionella formosa	Asterionella formosa	https://norcca.scrol.net/species/Asterionella-formosa
Asterionellopsis glacialis	Asterionellopsis glacialis	https://norcca.scrol.net/species/Asterionellopsis-glacialis
Asterosiphon dichotomus	Asterosiphon dichotomus	https://norcca.scrol.net/species/Asterosiphon-dichotomus
Attheya longicornis	Attheya longicornis	https://norcca.scrol.net/species/Attheya-longicornis
Attheya septentrionalis	Attheya septentrionalis	https://norcca.scrol.net/species/Attheya-septentrionalis
Attheya sp.		
Audouinella pectinata	Audouinella pectinata	https://norcca.scrol.net/species/Audouinella-pectinata
Aulacoseira granulata	Aulacoseira granulata	https://norcca.scrol.net/species/Aulacoseira-granulata
Azadinium concinnum	Azadinium concinnum	https://norcca.scrol.net/species/Azadinium-concinnum
Azadinium cuneatum	Azadinium cuneatum	https://norcca.scrol.net/species/Azadinium-cuneatum
Azadinium trinitatum	Azadinium trinitatum	https://norcca.scrol.net/species/Azadinium-trinitatum
Baldinia anauniensis	Baldinia anauniensis	https://norcca.scrol.net/species/Baldinia-anauniensis
Bangia atropurpurea	Bangia atropurpurea	https://norcca.scrol.net/species/Bangia-atropurpurea
Barrufeta sp.		
Bathycoccus prasinos	Bathycoccus prasinos	https://norcca.scrol.net/species/Bathycoccus-prasinos
Biecheleria cincta	Biecheleria cincta	https://norcca.scrol.net/species/Biecheleria-cincta
Biecheleria sp.		
Biecheleriopsis adriatica	Biecheleriopsis adriatica	https://norcca.scrol.net/species/Biecheleriopsis-adriatica
Bigelowiella natans	Bigelowiella natans	https://norcca.scrol.net/species/Bigelowiella-natans
Blastophysa rhizopus	Blastophysa rhizopus	https://norcca.scrol.net/species/Blastophysa-rhizopus
Blidingia minima	Blidingia minima	https://norcca.scrol.net/species/Blidingia-minima
Bolbocoleon piliferum	Bolbocoleon piliferum	https://norcca.scrol.net/species/Bolbocoleon-piliferum
Borghiella andersenii	Borghiella andersenii	https://norcca.scrol.net/species/Borghiella-andersenii
Borghiella dodgei	Borghiella dodgei	https://norcca.scrol.net/species/Borghiella-dodgei
Borghiella tenuissima	Borghiella tenuissima	https://norcca.scrol.net/species/Borghiella-tenuissima
Botryococcus braunii	Botryococcus braunii	https://norcca.scrol.net/species/Botryococcus-braunii
Botryococcus cf. braunii		
Botryococcus sp.		
Botrytella micromora	Botrytella micromora	https://norcca.scrol.net/species/Botrytella-micromora
Brachiomonas submarina	Brachiomonas submarina	https://norcca.scrol.net/species/Brachiomonas-submarina
Callithamnion corymbosum	Callithamnion corymbosum	https://norcca.scrol.net/species/Callithamnion-corymbosum
Calothrix parietina	Calothrix parietina	https://norcca.scrol.net/species/Calothrix-parietina
Calothrix sp. ?		
Calyptrosphaera sp.		
Carteria sp.		
Ceramium tenuicorne	Ceramium tenuicorne	https://norcca.scrol.net/species/Ceramium-tenuicorne
Ceratium cornutum	Ceratium cornutum	https://norcca.scrol.net/species/Ceratium-cornutum
cf. Chrysolepidomonas sp. 		
cf. Fragilariopsis pseudonana	Fragilariopsis pseudonana	https://norcca.scrol.net/species/cf-Fragilariopsis-pseudonana
cf. Messastrum gracile	Messastrum gracile	https://norcca.scrol.net/species/cf-Messastrum-gracile
cf. Stephanopyxis sp.		
Chaetoceros affinis	Chaetoceros affinis	https://norcca.scrol.net/species/Chaetoceros-affinis
Chaetoceros cf. brevis	Chaetoceros brevis	https://norcca.scrol.net/species/Chaetoceros-cf-brevis
Chaetoceros cf. debilis	Chaetoceros debilis	https://norcca.scrol.net/species/Chaetoceros-cf-debilis
Chaetoceros cf. neogracilis	Chaetoceros neogracilis	https://norcca.scrol.net/species/Chaetoceros-cf-neogracilis
Chaetoceros cinctus	Chaetoceros cinctus	https://norcca.scrol.net/species/Chaetoceros-cinctus
Chaetoceros compressus	Chaetoceros compressus	https://norcca.scrol.net/species/Chaetoceros-compressus
Chaetoceros contortus	Chaetoceros contortus	https://norcca.scrol.net/species/Chaetoceros-contortus
Chaetoceros curvisetus	Chaetoceros curvisetus	https://norcca.scrol.net/species/Chaetoceros-curvisetus
Chaetoceros debilis	Chaetoceros debilis	https://norcca.scrol.net/species/Chaetoceros-debilis
Chaetoceros decipiens	Chaetoceros decipiens	https://norcca.scrol.net/species/Chaetoceros-decipiens
Chaetoceros diadema	Chaetoceros diadema	https://norcca.scrol.net/species/Chaetoceros-diadema
Chaetoceros fallax	Chaetoceros fallax	https://norcca.scrol.net/species/Chaetoceros-fallax
Chaetoceros furcellatus	Chaetoceros furcellatus	https://norcca.scrol.net/species/Chaetoceros-furcellatus
Chaetoceros gelidus	Chaetoceros gelidus	https://norcca.scrol.net/species/Chaetoceros-gelidus
Chaetoceros gracile	Chaetoceros gracile	https://norcca.scrol.net/species/Chaetoceros-gracile
Chaetoceros holsaticus	Chaetoceros holsaticus	https://norcca.scrol.net/species/Chaetoceros-holsaticus
Chaetoceros laciniosus	Chaetoceros laciniosus	https://norcca.scrol.net/species/Chaetoceros-laciniosus
Chaetoceros lorenzianus	Chaetoceros lorenzianus	https://norcca.scrol.net/species/Chaetoceros-lorenzianus
Chaetoceros neogracilis	Chaetoceros neogracilis	https://norcca.scrol.net/species/Chaetoceros-neogracilis
Chaetoceros peruvianus	Chaetoceros peruvianus	https://norcca.scrol.net/species/Chaetoceros-peruvianus
Chaetoceros pseudocurvisetus	Chaetoceros pseudocurvisetus	https://norcca.scrol.net/species/Chaetoceros-pseudocurvisetus
Chaetoceros salsugineus	Chaetoceros salsugineus	https://norcca.scrol.net/species/Chaetoceros-salsugineus
Chaetoceros similis	Chaetoceros similis	https://norcca.scrol.net/species/Chaetoceros-similis
Chaetoceros socialis	Chaetoceros socialis	https://norcca.scrol.net/species/Chaetoceros-socialis
Chaetoceros sp.		
Chaetoceros subtilis	Chaetoceros subtilis	https://norcca.scrol.net/species/Chaetoceros-subtilis
Chaetoceros tenuissimus	Chaetoceros tenuissimus	https://norcca.scrol.net/species/Chaetoceros-tenuissimus
Chaetoceros tortissimus	Chaetoceros tortissimus	https://norcca.scrol.net/species/Chaetoceros-tortissimus
Chaetoceros wighamii	Chaetoceros wighamii	https://norcca.scrol.net/species/Chaetoceros-wighamii
Chaetochloris sp.		
Chaetomorpha linum	Chaetomorpha linum	https://norcca.scrol.net/species/Chaetomorpha-linum
Chamaecalyx incrassatus	Chamaecalyx incrassatus	https://norcca.scrol.net/species/Chamaecalyx-incrassatus
Chamaesiphon sp.		
Chattonella subsalsa	Chattonella subsalsa	https://norcca.scrol.net/species/Chattonella-subsalsa
Chimonodinium lomnickii	Chimonodinium lomnickii	https://norcca.scrol.net/species/Chimonodinium-lomnickii
Chlamydomonas debaryana	Chlamydomonas debaryana	https://norcca.scrol.net/species/Chlamydomonas-debaryana
Chlamydomonas euryale	Chlamydomonas euryale	https://norcca.scrol.net/species/Chlamydomonas-euryale
Chlamydomonas geitleri	Chlamydomonas geitleri	https://norcca.scrol.net/species/Chlamydomonas-geitleri
Chlamydomonas noctigama	Chlamydomonas noctigama	https://norcca.scrol.net/species/Chlamydomonas-noctigama
Chlamydomonas obesa	Chlamydomonas obesa	https://norcca.scrol.net/species/Chlamydomonas-obesa
Chlamydomonas pulsatilla	Chlamydomonas pulsatilla	https://norcca.scrol.net/species/Chlamydomonas-pulsatilla
Chlamydomonas rapa	Chlamydomonas rapa	https://norcca.scrol.net/species/Chlamydomonas-rapa
Chlamydomonas reinhardtii	Chlamydomonas reinhardtii	https://norcca.scrol.net/species/Chlamydomonas-reinhardtii
Chlamydomonas sp.		
Chlamydomonas vectensis	Chlamydomonas vectensis	https://norcca.scrol.net/species/Chlamydomonas-vectensis
Chlorella ovalis	Chlorella ovalis	https://norcca.scrol.net/species/Chlorella-ovalis
Chlorella sorokiniana	Chlorella sorokiniana	https://norcca.scrol.net/species/Chlorella-sorokiniana
Chlorella sp.		
Chlorella vulgaris	Chlorella vulgaris	https://norcca.scrol.net/species/Chlorella-vulgaris
Chloridella sp.		
Chlorococcum sp.		
Chlorocystis cohnii	Chlorocystis cohnii	https://norcca.scrol.net/species/Chlorocystis-cohnii
Chloroidium saccharophilum	Chloroidium saccharophilum	https://norcca.scrol.net/species/Chloroidium-saccharophilum
Chlorokybus sp.		
Chloromonas rosae	Chloromonas rosae	https://norcca.scrol.net/species/Chloromonas-rosae
Chloromonas sp.		
Choricystis cf. coccoides	Choricystis coccoides	https://norcca.scrol.net/species/Choricystis-cf-coccoides
Choricystis cf. parasitica	Choricystis parasitica	https://norcca.scrol.net/species/Choricystis-cf-parasitica
Chromera velia	Chromera velia	https://norcca.scrol.net/species/Chromera-velia
Chromulina nebulosa	Chromulina nebulosa	https://norcca.scrol.net/species/Chromulina-nebulosa
Chromulina sp.		
Chroococcidiopsis thermalis	Chroococcidiopsis thermalis	https://norcca.scrol.net/species/Chroococcidiopsis-thermalis
Chroococcus cf. dispersus	Chroococcus dispersus	https://norcca.scrol.net/species/Chroococcus-cf-dispersus
Chroococcus cf. minutus	Chroococcus minutus	https://norcca.scrol.net/species/Chroococcus-cf-minutus
Chroococcus cf. submarinus	Chroococcus submarinus	https://norcca.scrol.net/species/Chroococcus-cf-submarinus
Chroococcus sp.		https://norcca.scrol.net/species/Chroococcus-sp
Chroococcus turgidus	Chroococcus turgidus	https://norcca.scrol.net/species/Chroococcus-turgidus
Chroomonas sp.		
Chroomonas vectensis	Chroomonas vectensis	https://norcca.scrol.net/species/Chroomonas-vectensis
Chrysamoeba pyrenoidifera	Chrysamoeba pyrenoidifera	https://norcca.scrol.net/species/Chrysamoeba-pyrenoidifera
Chrysamoeba sp.		
Chrysocapsa flavescens	Chrysocapsa flavescens	https://norcca.scrol.net/species/Chrysocapsa-flavescens
Chrysochromulina acantha	Chrysochromulina acantha	https://norcca.scrol.net/species/Chrysochromulina-acantha
Chrysochromulina ahrengotii	Chrysochromulina ahrengotii	https://norcca.scrol.net/species/Chrysochromulina-ahrengotii
Chrysochromulina cymbium	Chrysochromulina cymbium	https://norcca.scrol.net/species/Chrysochromulina-cymbium
Chrysochromulina leadbeateri	Chrysochromulina leadbeateri	https://norcca.scrol.net/species/Chrysochromulina-leadbeateri
Chrysochromulina parva	Chrysochromulina parva	https://norcca.scrol.net/species/Chrysochromulina-parva
Chrysochromulina rotalis	Chrysochromulina rotalis	https://norcca.scrol.net/species/Chrysochromulina-rotalis
Chrysochromulina scutellum	Chrysochromulina scutellum	https://norcca.scrol.net/species/Chrysochromulina-scutellum
Chrysochromulina simplex	Chrysochromulina simplex	https://norcca.scrol.net/species/Chrysochromulina-simplex
Chrysochromulina sp.		
Chrysochromulina throndsenii	Chrysochromulina throndsenii	https://norcca.scrol.net/species/Chrysochromulina-throndsenii
Chrysogyrinus deiktimorphus	Chrysogyrinus deiktimorphus	https://norcca.scrol.net/species/Chrysogyrinus-deiktimorphus
Chrysolepidomonas dendrolepidota	Chrysolepidomonas dendrolepidota	https://norcca.scrol.net/species/Chrysolepidomonas-dendrolepidota
Chrysosaccus sp.		
Chrysosphaera sp.		
Chrysosphaerella sp.		
Chrysosporum bergii	Chrysosporum bergii	https://norcca.scrol.net/species/Chrysosporum-bergii
Chrysotila carterae	Chrysotila carterae	https://norcca.scrol.net/species/Chrysotila-carterae
Chrysotila placolithoides	Chrysotila placolithoides	https://norcca.scrol.net/species/Chrysotila-placolithoides
Chrysotila pseudoroscoffensis	Chrysotila pseudoroscoffensis	https://norcca.scrol.net/species/Chrysotila-pseudoroscoffensis
Chrysowaernella hieroglyphica	Chrysowaernella hieroglyphica	https://norcca.scrol.net/species/Chrysowaernella-hieroglyphica
Cladophora rupestris	Cladophora rupestris	https://norcca.scrol.net/species/Cladophora-rupestris
Closterium sp.		
Closterium venus	Closterium venus	https://norcca.scrol.net/species/Closterium-venus
Coelastrum microporum	Coelastrum microporum	https://norcca.scrol.net/species/Coelastrum-microporum
Coelastrum sp.		
Coelocladia arctica	Coelocladia arctica	https://norcca.scrol.net/species/Coelocladia-arctica
Compsonema minutum	Compsonema minutum	https://norcca.scrol.net/species/Compsonema-minutum
Coolia monotis	Coolia monotis	https://norcca.scrol.net/species/Coolia-monotis
Coolia sp.		
Corethron sp.		
Corymbellus aureus	Corymbellus aureus	https://norcca.scrol.net/species/Corymbellus-aureus
Coscinodiscus concinnus	Coscinodiscus concinnus	https://norcca.scrol.net/species/Coscinodiscus-concinnus
Coscinodiscus granii	Coscinodiscus granii	https://norcca.scrol.net/species/Coscinodiscus-granii
Coscinodiscus radiatus	Coscinodiscus radiatus	https://norcca.scrol.net/species/Coscinodiscus-radiatus
Cosmarium obtusatum	Cosmarium obtusatum	https://norcca.scrol.net/species/Cosmarium-obtusatum
Cosmarium reniforme	Cosmarium reniforme	https://norcca.scrol.net/species/Cosmarium-reniforme
Cosmarium sp.		
Cosmarium subprotromidum	Cosmarium subprotromidum	https://norcca.scrol.net/species/Cosmarium-subprotromidum
Cosmarium turpinii var. Eximium	Cosmarium turpinii var. Eximium	https://norcca.scrol.net/species/Cosmarium-turpinii-var-Eximium
Crucigenia tetrapedia	Crucigenia tetrapedia	https://norcca.scrol.net/species/Crucigenia-tetrapedia
Crustomastix stigmatica	Crustomastix stigmatica	https://norcca.scrol.net/species/Crustomastix-stigmatica
Cryptomonas pyrenoidifera	Cryptomonas pyrenoidifera	https://norcca.scrol.net/species/Cryptomonas-pyrenoidifera
Cryptomonas rostratiformis	Cryptomonas rostratiformis	https://norcca.scrol.net/species/Cryptomonas-rostratiformis
Cryptomonas sp.		
Cryptoperidiniopsis brodyi	Cryptoperidiniopsis brodyi	https://norcca.scrol.net/species/Cryptoperidiniopsis-brodyi
Cryptophyceae	Cryptophyceae	https://norcca.scrol.net/species/Cryptophyceae
Cuspidothrix issatschenkoi	Cuspidothrix issatschenkoi	https://norcca.scrol.net/species/Cuspidothrix-issatschenkoi
Cyanobium sp.		
Cyanocystis violacea	Cyanocystis violacea	https://norcca.scrol.net/species/Cyanocystis-violacea
Cyanophora paradoxa	Cyanophora paradoxa	https://norcca.scrol.net/species/Cyanophora-paradoxa
Cyanosarcina sp.		
Cyanothece aeruginosa	Cyanothece aeruginosa	https://norcca.scrol.net/species/Cyanothece-aeruginosa
Cyanothece sp.		
Cyclotella cf. glomerata	Cyclotella glomerata	https://norcca.scrol.net/species/Cyclotella-cf-glomerata
Cyclotella sp.		
Cylindrospermopsis raciborskii	Cylindrospermopsis raciborskii	https://norcca.scrol.net/species/Cylindrospermopsis-raciborskii
Cylindrospermopsis sp.		
Cylindrospermum sp.		
Cylindrotheca closterium	Cylindrotheca closterium	https://norcca.scrol.net/species/Cylindrotheca-closterium
Delamarea attenuata	Delamarea attenuata	https://norcca.scrol.net/species/Delamarea-attenuata
Dermatochrysis sp.		
Desmidium aptogonum	Desmidium aptogonum	https://norcca.scrol.net/species/Desmidium-aptogonum
Desmodesmus armatus	Desmodesmus armatus	https://norcca.scrol.net/species/Desmodesmus-armatus
Desmodesmus communis	Desmodesmus communis	https://norcca.scrol.net/species/Desmodesmus-communis
Desmodesmus serratus	Desmodesmus serratus	https://norcca.scrol.net/species/Desmodesmus-serratus
Desmodesmus spinosus	Desmodesmus spinosus	https://norcca.scrol.net/species/Desmodesmus-spinosus
Desmodesmus subspicatus	Desmodesmus subspicatus	https://norcca.scrol.net/species/Desmodesmus-subspicatus
Desmonostoc muscorum	Desmonostoc muscorum	https://norcca.scrol.net/species/Desmonostoc-muscorum
Detonula sp.		
Diacronema ennorea	Diacronema ennorea	https://norcca.scrol.net/species/Diacronema-ennorea
Diacronema lutheri	Diacronema lutheri	https://norcca.scrol.net/species/Diacronema-lutheri
Diacronema sp.		
Dichothrix sp.?		
Dicrateria rotunda	Dicrateria rotunda	https://norcca.scrol.net/species/Dicrateria-rotunda
Dicrateria sp.		
Dictyocha speculum	Dictyocha speculum	https://norcca.scrol.net/species/Dictyocha-speculum
Dictyosphaerium pulchellum var. minutum	Dictyosphaerium pulchellum var. minutum	https://norcca.scrol.net/species/Dictyosphaerium-pulchellum-var-minutum
Dictyosphaerium sp.		
Dinobryon cf. sertularia	Dinobryon sertularia	https://norcca.scrol.net/species/Dinobryon-cf-sertularia
Dinobryon divergens	Dinobryon divergens	https://norcca.scrol.net/species/Dinobryon-divergens
Dinobryon sertularia	Dinobryon sertularia	https://norcca.scrol.net/species/Dinobryon-sertularia
Dinobryon sociale var. americanum	Dinobryon sociale var. americanum	https://norcca.scrol.net/species/Dinobryon-sociale-var-americanum
Dinobryon sp.		
Dinophyceae	Dinophyceae	https://norcca.scrol.net/species/Dinophyceae
Dinophyte sp.		
Ditylum brightwellii	Ditylum brightwellii	https://norcca.scrol.net/species/Ditylum-brightwellii
Dolichomastix tenuilepis	Dolichomastix tenuilepis	https://norcca.scrol.net/species/Dolichomastix-tenuilepis
		
Dolichospermum cf. sigmoideum	Dolichospermum sigmoideum	https://norcca.scrol.net/species/Dolichospermum-cf-sigmoideum
Dolichospermum cf. spiroides	Dolichospermum spiroides	https://norcca.scrol.net/species/Dolichospermum-cf-spiroides
Dolichospermum circinale	Dolichospermum circinale	https://norcca.scrol.net/species/Dolichospermum-circinale
Dolichospermum crassum	Dolichospermum crassum	https://norcca.scrol.net/species/Dolichospermum-crassum
Dolichospermum danicum	Dolichospermum danicum	https://norcca.scrol.net/species/Dolichospermum-danicum
Dolichospermum flos-aquae	Dolichospermum flos-aquae	https://norcca.scrol.net/species/Dolichospermum-flos-aquae
Dolichospermum lemmermannii	Dolichospermum lemmermannii	https://norcca.scrol.net/species/Dolichospermum-lemmermannii
Dolichospermum sigmoideum	Dolichospermum sigmoideum	https://norcca.scrol.net/species/Dolichospermum-sigmoideum
Dolichospermum spiroides	Dolichospermum spiroides	https://norcca.scrol.net/species/Dolichospermum-spiroides
Draparnaldia sp.		
Dunaliella salina	Dunaliella salina	https://norcca.scrol.net/species/Dunaliella-salina
Dunaliella tertiolecta	Dunaliella tertiolecta	https://norcca.scrol.net/species/Dunaliella-tertiolecta
Ectocarpus flagelliformis	Ectocarpus flagelliformis	https://norcca.scrol.net/species/Ectocarpus-flagelliformis
Ectocarpus siliculosus	Ectocarpus siliculosus	https://norcca.scrol.net/species/Ectocarpus-siliculosus
Emiliania huxleyi	Emiliania huxleyi	https://norcca.scrol.net/species/Emiliania-huxleyi
Enteromorpha sp.		
Entoderma reticulata	Entoderma reticulata	https://norcca.scrol.net/species/Entoderma-reticulata
Entomoneis sp.		
Epicladia flustrae	Epicladia flustrae	https://norcca.scrol.net/species/Epicladia-flustrae
Epicladia perforans	Epicladia perforans	https://norcca.scrol.net/species/Epicladia-perforans
Epicladia phillipsii	Epicladia phillipsii	https://norcca.scrol.net/species/Epicladia-phillipsii
Epicladia testarum	Epicladia testarum	https://norcca.scrol.net/species/Epicladia-testarum
Epipyxis aurea	Epipyxis aurea	https://norcca.scrol.net/species/Epipyxis-aurea
Epipyxis pulchra	Epipyxis pulchra	https://norcca.scrol.net/species/Epipyxis-pulchra
Epipyxis sp.		
Euastrum oblongum	Euastrum oblongum	https://norcca.scrol.net/species/Euastrum-oblongum
Euastrum ruzickae	Euastrum ruzickae	https://norcca.scrol.net/species/Euastrum-ruzickae
Euastrum sp.		
Euastrum verrucosum var. alpinum	Euastrum verrucosum var. alpinum	https://norcca.scrol.net/species/Euastrum-verrucosum-var-alpinum
Eucampia groenlandica	Eucampia groenlandica	https://norcca.scrol.net/species/Eucampia-groenlandica
Eudorina elegans	Eudorina elegans	https://norcca.scrol.net/species/Eudorina-elegans
Eudorina sp.		
Euglena deses	Euglena deses	https://norcca.scrol.net/species/Euglena-deses
Euglena gracilis	Euglena gracilis	https://norcca.scrol.net/species/Euglena-gracilis
Euglena sanguinea	Euglena sanguinea	https://norcca.scrol.net/species/Euglena-sanguinea
Euglena sp.		
Eunotia bilunaris	Eunotia bilunaris	https://norcca.scrol.net/species/Eunotia-bilunaris
Eutreptiella braarudii	Eutreptiella braarudii	https://norcca.scrol.net/species/Eutreptiella-braarudii
Eutreptiella eupharyngea	Eutreptiella eupharyngea	https://norcca.scrol.net/species/Eutreptiella-eupharyngea
Eutreptiella gymnastica	Eutreptiella gymnastica	https://norcca.scrol.net/species/Eutreptiella-gymnastica
Feldmannia irregularis	Feldmannia irregularis	https://norcca.scrol.net/species/Feldmannia-irregularis
Feldmannia mitchelliae	Feldmannia mitchelliae	https://norcca.scrol.net/species/Feldmannia-mitchelliae
Feldmannia simplex	Feldmannia simplex	https://norcca.scrol.net/species/Feldmannia-simplex
Fibrocapsa japonica	Fibrocapsa japonica	https://norcca.scrol.net/species/Fibrocapsa-japonica
Fragilariopsis cylindrus	Fragilariopsis cylindrus	https://norcca.scrol.net/species/Fragilariopsis-cylindrus
Fragilariopsis nana	Fragilariopsis nana	https://norcca.scrol.net/species/Fragilariopsis-nana
Geitlerinema amphibium	Geitlerinema amphibium	https://norcca.scrol.net/species/Geitlerinema-amphibium
Geitlerinema splendidum	Geitlerinema splendidum	https://norcca.scrol.net/species/Geitlerinema-splendidum
Gephyrocapsa oceanica	Gephyrocapsa oceanica	https://norcca.scrol.net/species/Gephyrocapsa-oceanica
Giraudya sphacelarioides	Giraudya sphacelarioides	https://norcca.scrol.net/species/Giraudya-sphacelarioides
Glenodiniopsis steinii	Glenodiniopsis steinii	https://norcca.scrol.net/species/Glenodiniopsis-steinii
Glenodiniopsis uliginosa	Glenodiniopsis uliginosa	https://norcca.scrol.net/species/Glenodiniopsis-uliginosa
Gloeochrysis sp.		
Gomontia polyrhiza	Gomontia polyrhiza	https://norcca.scrol.net/species/Gomontia-polyrhiza
Goniomonas sp.		
Gonium pectorale	Gonium pectorale	https://norcca.scrol.net/species/Gonium-pectorale
Gonyaulax spinifera	Gonyaulax spinifera	https://norcca.scrol.net/species/Gonyaulax-spinifera
Gonyostomum semen	Gonyostomum semen	https://norcca.scrol.net/species/Gonyostomum-semen
Graesiella emersonii	Graesiella emersonii	https://norcca.scrol.net/species/Graesiella-emersonii
Gymnodinium aureolum	Gymnodinium aureolum	https://norcca.scrol.net/species/Gymnodinium-aureolum
Gymnodinium corollarium	Gymnodinium corollarium	https://norcca.scrol.net/species/Gymnodinium-corollarium
Gymnodinium fuscum	Gymnodinium fuscum	https://norcca.scrol.net/species/Gymnodinium-fuscum
Gymnodinium impudicum	Gymnodinium impudicum	https://norcca.scrol.net/species/Gymnodinium-impudicum
Gymnodinium nolleri	Gymnodinium nolleri	https://norcca.scrol.net/species/Gymnodinium-nolleri
Gymnodinium placidum	Gymnodinium placidum	https://norcca.scrol.net/species/Gymnodinium-placidum
Gymnodinium simplex	Gymnodinium simplex	https://norcca.scrol.net/species/Gymnodinium-simplex
Gymnodinium sp.		
Haematococcus lacustris	Haematococcus lacustris	https://norcca.scrol.net/species/Haematococcus-lacustris
Haematococcus sp.		
Halosphaera sp.		
Halothrix lumbricalis	Halothrix lumbricalis	https://norcca.scrol.net/species/Halothrix-lumbricalis
Hantzschia amphioxis	Hantzschia amphioxis	https://norcca.scrol.net/species/Hantzschia-amphioxis
Hantzschia weyprechtii	Hantzschia weyprechtii	https://norcca.scrol.net/species/Hantzschia-weyprechtii
Hapalosiphon intricatus	Hapalosiphon intricatus	https://norcca.scrol.net/species/Hapalosiphon-intricatus
Haptolina brevifila	Haptolina brevifila	https://norcca.scrol.net/species/Haptolina-brevifila
Haptolina cf. herdlensis	Haptolina herdlensis	https://norcca.scrol.net/species/Haptolina-cf-herdlensis
Haptolina ericina	Haptolina ericina	https://norcca.scrol.net/species/Haptolina-ericina
Haptolina fragaria	Haptolina fragaria	https://norcca.scrol.net/species/Haptolina-fragaria
Haptolina hirta	Haptolina hirta	https://norcca.scrol.net/species/Haptolina-hirta
Haramonas dimorpha	Haramonas dimorpha	https://norcca.scrol.net/species/Haramonas-dimorpha
Helicotheca tamesis	Helicotheca tamesis	https://norcca.scrol.net/species/Helicotheca-tamesis
Hemidinium nasutum	Hemidinium nasutum	https://norcca.scrol.net/species/Hemidinium-nasutum
Hemiselmis sp.		
Heterocapsa pseudotriquetra	Heterocapsa pseudotriquetra	https://norcca.scrol.net/species/Heterocapsa-pseudotriquetra
Heterocapsa pygmaea	Heterocapsa pygmaea	https://norcca.scrol.net/species/Heterocapsa-pygmaea
Heterocapsa rotundata	Heterocapsa rotundata	https://norcca.scrol.net/species/Heterocapsa-rotundata
Heterocapsa sp.		
Heterocapsa triquetra	Heterocapsa triquetra	https://norcca.scrol.net/species/Heterocapsa-triquetra
Heterosigma akashiwo	Heterosigma akashiwo	https://norcca.scrol.net/species/Heterosigma-akashiwo
Heterosigma sp.		
Hibberdia magna	Hibberdia magna	https://norcca.scrol.net/species/Hibberdia-magna
Hincksia hincksiae	Hincksia hincksiae	https://norcca.scrol.net/species/Hincksia-hincksiae
Hincksia ovata	Hincksia ovata	https://norcca.scrol.net/species/Hincksia-ovata
Hormidiella parvula	Hormidiella parvula	https://norcca.scrol.net/species/Hormidiella-parvula
Hyalotheca dissiliens	Hyalotheca dissiliens	https://norcca.scrol.net/species/Hyalotheca-dissiliens
Hyalotheca dissiliens var.minor	Hyalotheca dissiliens var.minor	https://norcca.scrol.net/species/Hyalotheca-dissiliens-varminor
Hyalotheca sp.		
Hydrodictyon reticulatum	Hydrodictyon reticulatum	https://norcca.scrol.net/species/Hydrodictyon-reticulatum
Hyella balani	Hyella balani	https://norcca.scrol.net/species/Hyella-balani
Hyella sp.		
Isochrysis	Isochrysis	https://norcca.scrol.net/species/Isochrysis-
Isochrysis galbana	Isochrysis galbana	https://norcca.scrol.net/species/Isochrysis-galbana
Isochrysis sp.		
Jaaginema cf. geminatum	Jaaginema geminatum	https://norcca.scrol.net/species/Jaaginema-cf-geminatum
Jaaginema sp.		
Jadwigia applanata	Jadwigia applanata	https://norcca.scrol.net/species/Jadwigia-applanata
Kamptonema cf. animale	Kamptonema animale	https://norcca.scrol.net/species/Kamptonema-cf-animale
Kamptonema cf. formosum	Kamptonema formosum	https://norcca.scrol.net/species/Kamptonema-cf-formosum
Kamptonema cf. okenii	Kamptonema okenii	https://norcca.scrol.net/species/Kamptonema-cf-okenii
Kamptonema cortianum	Kamptonema cortianum	https://norcca.scrol.net/species/Kamptonema-cortianum
Kamptonema formosum	Kamptonema formosum	https://norcca.scrol.net/species/Kamptonema-formosum
Kamptonema laetevirens	Kamptonema laetevirens	https://norcca.scrol.net/species/Kamptonema-laetevirens
Karenia brevis	Karenia brevis	https://norcca.scrol.net/species/Karenia-brevis
Karenia mikimotoi	Karenia mikimotoi	https://norcca.scrol.net/species/Karenia-mikimotoi
Karenia selliformis	Karenia selliformis	https://norcca.scrol.net/species/Karenia-selliformis
Karlodinium armiger	Karlodinium armiger	https://norcca.scrol.net/species/Karlodinium-armiger
Karlodinium decipiens	Karlodinium decipiens	https://norcca.scrol.net/species/Karlodinium-decipiens
Karlodinium veneficum	Karlodinium veneficum	https://norcca.scrol.net/species/Karlodinium-veneficum
Katagnymene accurata	Katagnymene accurata	https://norcca.scrol.net/species/Katagnymene-accurata
Kephyrion sp.		
Klebsormidium flaccidum	Klebsormidium flaccidum	https://norcca.scrol.net/species/Klebsormidium-flaccidum
Klebsormidium sp.		
Koliella longiseta	Koliella longiseta	https://norcca.scrol.net/species/Koliella-longiseta
Koliella sp.		
Komma sp.		
Komvophoron sp.		
Kremastochrysopsis sp.		
Kryptoperidinium foliaceum	Kryptoperidinium foliaceum	https://norcca.scrol.net/species/Kryptoperidinium-foliaceum
Kuckuckia spinosa	Kuckuckia spinosa	https://norcca.scrol.net/species/Kuckuckia-spinosa
Lagynion scherffelii	Lagynion scherffelii	https://norcca.scrol.net/species/Lagynion-scherffelii
Lauderia sp.		
Leptocylindrus danicus	Leptocylindrus danicus	https://norcca.scrol.net/species/Leptocylindrus-danicus
Leptocylindrus sp.		
Leptolyngbya cf. tenuis	Leptolyngbya tenuis	https://norcca.scrol.net/species/Leptolyngbya-cf-tenuis
Leptolyngbya ectocarpi	Leptolyngbya ectocarpi	https://norcca.scrol.net/species/Leptolyngbya-ectocarpi
Leptolyngbya foveolara	Leptolyngbya foveolara	https://norcca.scrol.net/species/Leptolyngbya-foveolara
Leptolyngbya sp.		
Leptolyngbya tenuis	Leptolyngbya tenuis	https://norcca.scrol.net/species/Leptolyngbya-tenuis
Leptolyngbya terebrans	Leptolyngbya terebrans	https://norcca.scrol.net/species/Leptolyngbya-terebrans
Levanderina fissa	Levanderina fissa	https://norcca.scrol.net/species/Levanderina-fissa
Limnothrix planctonica	Limnothrix planctonica	https://norcca.scrol.net/species/Limnothrix-planctonica
Lingulodinium polyedrum	Lingulodinium polyedrum	https://norcca.scrol.net/species/Lingulodinium-polyedrum
Lioloma delicatulum	Lioloma delicatulum	https://norcca.scrol.net/species/Lioloma-delicatulum
Litosiphon laminariae	Litosiphon laminariae	https://norcca.scrol.net/species/Litosiphon-laminariae
Lyngbya lutea	Lyngbya lutea	https://norcca.scrol.net/species/Lyngbya-lutea
Lyngbya sp.		
Mallomonas annulata	Mallomonas annulata	https://norcca.scrol.net/species/Mallomonas-annulata
Mallomonas kalinae	Mallomonas kalinae	https://norcca.scrol.net/species/Mallomonas-kalinae
Mallomonas papillosa	Mallomonas papillosa	https://norcca.scrol.net/species/Mallomonas-papillosa
Mallomonas rasilis	Mallomonas rasilis	https://norcca.scrol.net/species/Mallomonas-rasilis
Mantoniella squamata	Mantoniella squamata	https://norcca.scrol.net/species/Mantoniella-squamata
Margalefidinium polykrikoides	Margalefidinium polykrikoides	https://norcca.scrol.net/species/Margalefidinium-polykrikoides
Melosira nummuloides	Melosira nummuloides	https://norcca.scrol.net/species/Melosira-nummuloides
Merismopedia angularis	Merismopedia angularis	https://norcca.scrol.net/species/Merismopedia-angularis
Merismopedia punctata	Merismopedia punctata	https://norcca.scrol.net/species/Merismopedia-punctata
Merismopedia sp.		
Mesotaenium caldariorum	Mesotaenium caldariorum	https://norcca.scrol.net/species/Mesotaenium-caldariorum
Micrasterias papillifera	Micrasterias papillifera	https://norcca.scrol.net/species/Micrasterias-papillifera
Micrasterias rotata	Micrasterias rotata	https://norcca.scrol.net/species/Micrasterias-rotata
Micrasterias sp.		
Micrasterias thomasiana var.notata	Micrasterias thomasiana var.notata	https://norcca.scrol.net/species/Micrasterias-thomasiana-varnotata
Micrasterias truncata	Micrasterias truncata	https://norcca.scrol.net/species/Micrasterias-truncata
Microchaetaceae	Microchaetaceae	https://norcca.scrol.net/species/Microchaetaceae-
Microchloropsis salina	Microchloropsis salina	https://norcca.scrol.net/species/Microchloropsis-salina
Microcoleus amoenus	Microcoleus amoenus	https://norcca.scrol.net/species/Microcoleus-amoenus
Microcoleus cf. amoenus		
Microcystis aeruginosa	Microcystis aeruginosa	https://norcca.scrol.net/species/Microcystis-aeruginosa
Microcystis botrys	Microcystis botrys	https://norcca.scrol.net/species/Microcystis-botrys
Microcystis cf. aeruginosa		
Microcystis cf. botrys		
Microcystis cf. ichthyoblabe	Microcystis ichthyoblabe	https://norcca.scrol.net/species/Microcystis-cf-ichthyoblabe
Microcystis cf. viridis	Microcystis viridis	https://norcca.scrol.net/species/Microcystis-cf-viridis
Microcystis flos-aquae	Microcystis flos-aquae	https://norcca.scrol.net/species/Microcystis-flos-aquae
Microcystis novacekii	Microcystis novacekii	https://norcca.scrol.net/species/Microcystis-novacekii
Microcystis sp.		
Microcystis viridis	Microcystis viridis	https://norcca.scrol.net/species/Microcystis-viridis
Micromonas pusilla	Micromonas pusilla	https://norcca.scrol.net/species/Micromonas-pusilla
Micromonas sp.		
Microthamnion kuetzingianum	Microthamnion kuetzingianum	https://norcca.scrol.net/species/Microthamnion-kuetzingianum
Monoraphidium cf. minutum		
Monoraphidium contortum	Monoraphidium contortum	https://norcca.scrol.net/species/Monoraphidium-contortum
Monoraphidium convolutum	Monoraphidium convolutum	https://norcca.scrol.net/species/Monoraphidium-convolutum
Monoraphidium dübowskii	Monoraphidium dübowskii	https://norcca.scrol.net/species/Monoraphidium-dübowskii
Monoraphidium griffithii	Monoraphidium griffithii	https://norcca.scrol.net/species/Monoraphidium-griffithii
Monoraphidium lunare	Monoraphidium lunare	https://norcca.scrol.net/species/Monoraphidium-lunare
Monoraphidium minutum	Monoraphidium minutum	https://norcca.scrol.net/species/Monoraphidium-minutum
Monoraphidium sp.		
Mougeotia genuflexa	Mougeotia genuflexa	https://norcca.scrol.net/species/Mougeotia-genuflexa
Mougeotia sp.		
Mychonastes homosphaera	Mychonastes homosphaera	https://norcca.scrol.net/species/Mychonastes-homosphaera
Myrionema strangulans	Myrionema strangulans	https://norcca.scrol.net/species/Myrionema-strangulans
Myriotrichia claviformis	Myriotrichia claviformis	https://norcca.scrol.net/species/Myriotrichia-claviformis
Myrmecia biatorellae	Myrmecia biatorellae	https://norcca.scrol.net/species/Myrmecia-biatorellae
Naegeliella flagellifera	Naegeliella flagellifera	https://norcca.scrol.net/species/Naegeliella-flagellifera
Nannochloropsis oceanica	Nannochloropsis oceanica	https://norcca.scrol.net/species/Nannochloropsis-oceanica
Nannochloropsis oculata	Nannochloropsis oculata	https://norcca.scrol.net/species/Nannochloropsis-oculata
Nannochloropsis sp.		
Navicula pelliculosa	Navicula pelliculosa	https://norcca.scrol.net/species/Navicula-pelliculosa
Navicula sp.		
Neodenticula seminae	Neodenticula seminae	https://norcca.scrol.net/species/Neodenticula-seminae
Neostromatella monostromatica	Neostromatella monostromatica	https://norcca.scrol.net/species/Neostromatella-monostromatica
Nephrochlamys rostrata	Nephrochlamys rostrata	https://norcca.scrol.net/species/Nephrochlamys-rostrata
Nephroselmis olivacea	Nephroselmis olivacea	https://norcca.scrol.net/species/Nephroselmis-olivacea
Nephroselmis pyriformis	Nephroselmis pyriformis	https://norcca.scrol.net/species/Nephroselmis-pyriformis
Nephroselmis rotunda	Nephroselmis rotunda	https://norcca.scrol.net/species/Nephroselmis-rotunda
Nephroselmis sp.		
Nitzschia bizertensis	Nitzschia bizertensis	https://norcca.scrol.net/species/Nitzschia-bizertensis
Nitzschia closterium	Nitzschia closterium	https://norcca.scrol.net/species/Nitzschia-closterium
Nitzschia frigida	Nitzschia frigida	https://norcca.scrol.net/species/Nitzschia-frigida
Nitzschia laevissima	Nitzschia laevissima	https://norcca.scrol.net/species/Nitzschia-laevissima
Nitzschia longissima / Cylindrotheca closterium	Nitzschia longissima / Cylindrotheca closterium	https://norcca.scrol.net/species/Nitzschia-longissima-/-Cylindrotheca
Nitzschia navis-varingica	Nitzschia navis-varingica	https://norcca.scrol.net/species/Nitzschia-navis-varingica
Nitzschia sigmoidea	Nitzschia sigmoidea	https://norcca.scrol.net/species/Nitzschia-sigmoidea
Nitzschia sp.		
Nodularia cf. harveyana	Nodularia harveyana	https://norcca.scrol.net/species/Nodularia-cf-harveyana
Nodularia spumigena	Nodularia spumigena	https://norcca.scrol.net/species/Nodularia-spumigena
Nostoc commune	Nostoc commune	https://norcca.scrol.net/species/Nostoc-commune
Nostoc flagelliforme	Nostoc flagelliforme	https://norcca.scrol.net/species/Nostoc-flagelliforme
Nostoc kihlmani	Nostoc kihlmani	https://norcca.scrol.net/species/Nostoc-kihlmani
Nostoc pruniforme	Nostoc pruniforme	https://norcca.scrol.net/species/Nostoc-pruniforme
Nostoc sp.		
Nostoc sphaeroides	Nostoc sphaeroides	https://norcca.scrol.net/species/Nostoc-sphaeroides
Ochlochaete hystrix	Ochlochaete hystrix	https://norcca.scrol.net/species/Ochlochaete-hystrix
Ochromonas danica	Ochromonas danica	https://norcca.scrol.net/species/Ochromonas-danica
Ochromonas gloeopara	Ochromonas gloeopara	https://norcca.scrol.net/species/Ochromonas-gloeopara
Ochromonas minima	Ochromonas minima	https://norcca.scrol.net/species/Ochromonas-minima
Ochromonas moestrupii	Ochromonas moestrupii	https://norcca.scrol.net/species/Ochromonas-moestrupii
Ochromonas perlata	Ochromonas perlata	https://norcca.scrol.net/species/Ochromonas-perlata
Ochromonas sp.		
Ochromonas tuberculata	Ochromonas tuberculata	https://norcca.scrol.net/species/Ochromonas-tuberculata
Ochromonas viridis	Ochromonas viridis	https://norcca.scrol.net/species/Ochromonas-viridis
Octactis speculum	Octactis speculum	https://norcca.scrol.net/species/Octactis-speculum
Odontella aurita	Odontella aurita	https://norcca.scrol.net/species/Odontella-aurita
Odontella mobiliensis	Odontella mobiliensis	https://norcca.scrol.net/species/Odontella-mobiliensis
Odontella sinensis	Odontella sinensis	https://norcca.scrol.net/species/Odontella-sinensis
Oedogonium cardiacum	Oedogonium cardiacum	https://norcca.scrol.net/species/Oedogonium-cardiacum
Oedogonium fragile	Oedogonium fragile	https://norcca.scrol.net/species/Oedogonium-fragile
Oedogonium vaucheri	Oedogonium vaucheri	https://norcca.scrol.net/species/Oedogonium-vaucheri
Olisthodiscus luteus	Olisthodiscus luteus	https://norcca.scrol.net/species/Olisthodiscus-luteus
Oltmannsiellopsis unicellularis	Oltmannsiellopsis unicellularis	https://norcca.scrol.net/species/Oltmannsiellopsis-unicellularis
Oocystis asymmetrica	Oocystis asymmetrica	https://norcca.scrol.net/species/Oocystis-asymmetrica
Oocystis sp. (?)		
Ophiocytium arbusculum	Ophiocytium arbusculum	https://norcca.scrol.net/species/Ophiocytium-arbusculum
Ophiocytium sp.		
Oscillatoria cf. major	Oscillatoria major	https://norcca.scrol.net/species/Oscillatoria-cf-major
Oscillatoria cf. sancta	Oscillatoria sancta	https://norcca.scrol.net/species/Oscillatoria-cf-sancta
Oscillatoria curviceps	Oscillatoria curviceps	https://norcca.scrol.net/species/Oscillatoria-curviceps
Oscillatoria limosa	Oscillatoria limosa	https://norcca.scrol.net/species/Oscillatoria-limosa
Oscillatoria lutea var. contorta	Oscillatoria lutea var. contorta	https://norcca.scrol.net/species/Oscillatoria-lutea-var-contorta
Oscillatoria princeps	Oscillatoria princeps	https://norcca.scrol.net/species/Oscillatoria-princeps
Oscillatoria sancta	Oscillatoria sancta	https://norcca.scrol.net/species/Oscillatoria-sancta
Oscillatoria sp.		
Ostreobium quekettii	Ostreobium quekettii	https://norcca.scrol.net/species/Ostreobium-quekettii
Ovillaria catenata	Ovillaria catenata	https://norcca.scrol.net/species/Ovillaria-catenata
Oxynema acuminatum	Oxynema acuminatum	https://norcca.scrol.net/species/Oxynema-acuminatum
Oxyrrhis marina	Oxyrrhis marina	https://norcca.scrol.net/species/Oxyrrhis-marina
Palatinus apiculatus	Palatinus apiculatus	https://norcca.scrol.net/species/Palatinus-apiculatus
Pandorina morum	Pandorina morum	https://norcca.scrol.net/species/Pandorina-morum
Paraphysomonas vestita	Paraphysomonas vestita	https://norcca.scrol.net/species/Paraphysomonas-vestita
Parvodinium centenniale	Parvodinium centenniale	https://norcca.scrol.net/species/Parvodinium-centenniale
Parvodinium inconspicuum	Parvodinium inconspicuum	https://norcca.scrol.net/species/Parvodinium-inconspicuum
Pavlomulina ranunculiformis	Pavlomulina ranunculiformis	https://norcca.scrol.net/species/Pavlomulina-ranunculiformis
Pavlova gyrans	Pavlova gyrans	https://norcca.scrol.net/species/Pavlova-gyrans
Pavlova sp.		
Pavlovophyceae	Pavlovophyceae	https://norcca.scrol.net/species/Pavlovophyceae-
Pediastrum duplex	Pediastrum duplex	https://norcca.scrol.net/species/Pediastrum-duplex
Pediastrum sp.		
Pedinellaceae sp. 		
Pedinomonas minor	Pedinomonas minor	https://norcca.scrol.net/species/Pedinomonas-minor
Pelagococcus subviridis	Pelagococcus subviridis	https://norcca.scrol.net/species/Pelagococcus-subviridis
Pelagodinium bei	Pelagodinium bei	https://norcca.scrol.net/species/Pelagodinium-bei
pennate diatom		
Pentapharsodinium dalei	Pentapharsodinium dalei	https://norcca.scrol.net/species/Pentapharsodinium-dalei
Pentapharsodinium tyrrhenicum	Pentapharsodinium tyrrhenicum	https://norcca.scrol.net/species/Pentapharsodinium-tyrrhenicum
Peridiniopsis borgei	Peridiniopsis borgei	https://norcca.scrol.net/species/Peridiniopsis-borgei
Peridinium bipes	Peridinium bipes	https://norcca.scrol.net/species/Peridinium-bipes
Peridinium cinctum	Peridinium cinctum	https://norcca.scrol.net/species/Peridinium-cinctum
Peridinium sp.		
Peridinium volzii	Peridinium volzii	https://norcca.scrol.net/species/Peridinium-volzii
Peridinium volzii f. meandricum	Peridinium volzii f. meandricum	https://norcca.scrol.net/species/Peridinium-volzii-f-meandricum
Peridinium willei	Peridinium willei	https://norcca.scrol.net/species/Peridinium-willei
Petalonia fascia	Petalonia fascia	https://norcca.scrol.net/species/Petalonia-fascia
Phaeocystis globosa	Phaeocystis globosa	https://norcca.scrol.net/species/Phaeocystis-globosa
Phaeocystis sp.		
Phaeodactylum tricornutum	Phaeodactylum tricornutum	https://norcca.scrol.net/species/Phaeodactylum-tricornutum
Phaeophila dendroides	Phaeophila dendroides	https://norcca.scrol.net/species/Phaeophila-dendroides
Phaeophila ramulosa	Phaeophila ramulosa	https://norcca.scrol.net/species/Phaeophila-ramulosa
Phaeoplaca thallosa	Phaeoplaca thallosa	https://norcca.scrol.net/species/Phaeoplaca-thallosa
Phaeostroma pustulosum	Phaeostroma pustulosum	https://norcca.scrol.net/species/Phaeostroma-pustulosum
Phaeothamnion confervicola	Phaeothamnion confervicola	https://norcca.scrol.net/species/Phaeothamnion-confervicola
Phaeothamnion sp.		
Phormidium breve	Phormidium breve	https://norcca.scrol.net/species/Phormidium-breve
Phormidium cf. breve		
Phormidium cf. chalybea	Phormidium chalybea	https://norcca.scrol.net/species/Phormidium-cf-chalybea
Phormidium cf. favosum	Phormidium favosum	https://norcca.scrol.net/species/Phormidium-cf-favosum
Phormidium cf. subfuscum	Phormidium subfuscum	https://norcca.scrol.net/species/Phormidium-cf-subfuscum
Phormidium sp.		
Phormidium tergestinum	Phormidium tergestinum	https://norcca.scrol.net/species/Phormidium-tergestinum
Phormidium uncinatum	Phormidium uncinatum	https://norcca.scrol.net/species/Phormidium-uncinatum
Planctonema lauterbornii	Planctonema lauterbornii	https://norcca.scrol.net/species/Planctonema-lauterbornii
Planktothrix agardhii	Planktothrix agardhii	https://norcca.scrol.net/species/Planktothrix-agardhii
Planktothrix cf. agardhii		
Planktothrix cf. prolifica		
Planktothrix mougeotii	Planktothrix mougeotii	https://norcca.scrol.net/species/Planktothrix-mougeotii
Planktothrix prolifica	Planktothrix prolifica	https://norcca.scrol.net/species/Planktothrix-prolifica
Planktothrix pseudagardhii	Planktothrix pseudagardhii	https://norcca.scrol.net/species/Planktothrix-pseudagardhii
Planktothrix rubescens	Planktothrix rubescens	https://norcca.scrol.net/species/Planktothrix-rubescens
Planktothrix rubescens var.		
Planktothrix sp.		
Planktothrix suspensa	Planktothrix suspensa	https://norcca.scrol.net/species/Planktothrix-suspensa
Plectonema sp.		
Pleurochrysis sp.		
Pleurotaenium trabecula	Pleurotaenium trabecula	https://norcca.scrol.net/species/Pleurotaenium-trabecula
Pogotrichum filiforme	Pogotrichum filiforme	https://norcca.scrol.net/species/Pogotrichum-filiforme
Polarella glacialis	Polarella glacialis	https://norcca.scrol.net/species/Polarella-glacialis
Porphyra thulaea	Porphyra thulaea	https://norcca.scrol.net/species/Porphyra-thulaea
Porphyridium aerugineum	Porphyridium aerugineum	https://norcca.scrol.net/species/Porphyridium-aerugineum
Porphyridium purpureum	Porphyridium purpureum	https://norcca.scrol.net/species/Porphyridium-purpureum
Poteriochromonas malhamensis	Poteriochromonas malhamensis	https://norcca.scrol.net/species/Poteriochromonas-malhamensis
Prasinocladus sp.		
Prasinophyte sp.		
Prochlorothrix hollandica	Prochlorothrix hollandica	https://norcca.scrol.net/species/Prochlorothrix-hollandica
Prochlorothrix scandica	Prochlorothrix scandica	https://norcca.scrol.net/species/Prochlorothrix-scandica
Prorocentrum cordatum	Prorocentrum cordatum	https://norcca.scrol.net/species/Prorocentrum-cordatum
Prorocentrum donghaiense	Prorocentrum donghaiense	https://norcca.scrol.net/species/Prorocentrum-donghaiense
Prorocentrum lima	Prorocentrum lima	https://norcca.scrol.net/species/Prorocentrum-lima
Prorocentrum micans	Prorocentrum micans	https://norcca.scrol.net/species/Prorocentrum-micans
Prorocentrum sp.		
Prorocentrum triestinum	Prorocentrum triestinum	https://norcca.scrol.net/species/Prorocentrum-triestinum
Protectocarpus speciosus	Protectocarpus speciosus	https://norcca.scrol.net/species/Protectocarpus-speciosus
Protoceratium reticulatum	Protoceratium reticulatum	https://norcca.scrol.net/species/Protoceratium-reticulatum
Protosiphon botryoides	Protosiphon botryoides	https://norcca.scrol.net/species/Protosiphon-botryoides
Prymnesium kappa	Prymnesium kappa	https://norcca.scrol.net/species/Prymnesium-kappa
Prymnesium nemamethecum	Prymnesium nemamethecum	https://norcca.scrol.net/species/Prymnesium-nemamethecum
Prymnesium palpebrale	Prymnesium palpebrale	https://norcca.scrol.net/species/Prymnesium-palpebrale
Prymnesium parvum	Prymnesium parvum	https://norcca.scrol.net/species/Prymnesium-parvum
Prymnesium parvum f. patelliferum	Prymnesium parvum f. patelliferum	https://norcca.scrol.net/species/Prymnesium-parvum-f-patelliferum
Prymnesium polylepis	Prymnesium polylepis	https://norcca.scrol.net/species/Prymnesium-polylepis
Prymnesium sp.		
Pseudanabaena catenata	Pseudanabaena catenata	https://norcca.scrol.net/species/Pseudanabaena-catenata
Pseudanabaena cf. brunnei	Pseudanabaena brunnei	https://norcca.scrol.net/species/Pseudanabaena-cf-brunnei
Pseudanabaena limnetica	Pseudanabaena limnetica	https://norcca.scrol.net/species/Pseudanabaena-limnetica
Pseudanabaena redekei	Pseudanabaena redekei	https://norcca.scrol.net/species/Pseudanabaena-redekei
Pseudanabaena sp.		
Pseudendoclonium basiliense Vischer var. brandii	Pseudendoclonium basiliense Vischer var. brandii	https://norcca.scrol.net/species/Pseudendoclonium-basiliense-Vischer-var-brandii
Pseudendoclonium dynamenae	Pseudendoclonium dynamenae	https://norcca.scrol.net/species/Pseudendoclonium-dynamenae
Pseudendoclonium fucicola	Pseudendoclonium fucicola	https://norcca.scrol.net/species/Pseudendoclonium-fucicola
Pseudendoclonium submarinum	Pseudendoclonium submarinum	https://norcca.scrol.net/species/Pseudendoclonium-submarinum
Pseudo-nitzschia cf. turgidula	Pseudo-nitzschia turgidula	https://norcca.scrol.net/species/Pseudo-nitzschia-cf-turgidula
Pseudo-nitzschia delicatissima-group		
Pseudo-nitzschia granii	Pseudo-nitzschia granii	https://norcca.scrol.net/species/Pseudo-nitzschia-granii
Pseudo-nitzschia sp.		
Pseudochattonella farcimen	Pseudochattonella farcimen	https://norcca.scrol.net/species/Pseudochattonella-farcimen
Pseudochattonella verruculosa	Pseudochattonella verruculosa	https://norcca.scrol.net/species/Pseudochattonella-verruculosa
Pseudochattonella verruculosa	Pseudochattonella verruculosa	https://norcca.scrol.net/species/Pseudochattonella-verruculosa
Pseudococcomyxa chodatii	Pseudococcomyxa chodatii	https://norcca.scrol.net/species/Pseudococcomyxa-chodatii
Pseudodictyon porphyrae	Pseudodictyon porphyrae	https://norcca.scrol.net/species/Pseudodictyon-porphyrae
Pseudoisochrysis paradoxa	Pseudoisochrysis paradoxa	https://norcca.scrol.net/species/Pseudoisochrysis-paradoxa
Pseudokirchneriella inclinata	Pseudokirchneriella inclinata	https://norcca.scrol.net/species/Pseudokirchneriella-inclinata
Pseudokirchneriella sp.		
Pseudokirchneriella valida	Pseudokirchneriella valida	https://norcca.scrol.net/species/Pseudokirchneriella-valida
Pseudokirchneriella van-goori	Pseudokirchneriella van-goori	https://norcca.scrol.net/species/Pseudokirchneriella-van-goori
Pseudokirchneriella van-goori var. decussata	Pseudokirchneriella van-goori var. decussata	https://norcca.scrol.net/species/Pseudokirchneriella-van-goori-var-decussata
Pseudopediastrum boryanum	Pseudopediastrum boryanum	https://norcca.scrol.net/species/Pseudopediastrum-boryanum
Pseudopedinella pyriformis	Pseudopedinella pyriformis	https://norcca.scrol.net/species/Pseudopedinella-pyriformis
Pseudoscourfieldia marina	Pseudoscourfieldia marina	https://norcca.scrol.net/species/Pseudoscourfieldia-marina
Pterosperma sp.		
Pterothamnion plumula	Pterothamnion plumula	https://norcca.scrol.net/species/Pterothamnion-plumula
Punctaria latifolia	Punctaria latifolia	https://norcca.scrol.net/species/Punctaria-latifolia
Punctaria tenuissima	Punctaria tenuissima	https://norcca.scrol.net/species/Punctaria-tenuissima
Pycnococcus provasolii	Pycnococcus provasolii	https://norcca.scrol.net/species/Pycnococcus-provasolii
Pylaiella littoralis	Pylaiella littoralis	https://norcca.scrol.net/species/Pylaiella-littoralis
Pylaiella varia	Pylaiella varia	https://norcca.scrol.net/species/Pylaiella-varia
Pyramimonas cirolanae	Pyramimonas cirolanae	https://norcca.scrol.net/species/Pyramimonas-cirolanae
Pyramimonas disomata	Pyramimonas disomata	https://norcca.scrol.net/species/Pyramimonas-disomata
Pyramimonas formosa	Pyramimonas formosa	https://norcca.scrol.net/species/Pyramimonas-formosa
Pyramimonas gorlestonae	Pyramimonas gorlestonae	https://norcca.scrol.net/species/Pyramimonas-gorlestonae
Pyramimonas grossii	Pyramimonas grossii	https://norcca.scrol.net/species/Pyramimonas-grossii
Pyramimonas mantoniae	Pyramimonas mantoniae	https://norcca.scrol.net/species/Pyramimonas-mantoniae
Pyramimonas melkonianii	Pyramimonas melkonianii	https://norcca.scrol.net/species/Pyramimonas-melkonianii
Pyramimonas mitra	Pyramimonas mitra	https://norcca.scrol.net/species/Pyramimonas-mitra
Pyramimonas moestrupii	Pyramimonas moestrupii	https://norcca.scrol.net/species/Pyramimonas-moestrupii
Pyramimonas octopus	Pyramimonas octopus	https://norcca.scrol.net/species/Pyramimonas-octopus
Pyramimonas olivacea	Pyramimonas olivacea	https://norcca.scrol.net/species/Pyramimonas-olivacea
Pyramimonas orientalis	Pyramimonas orientalis	https://norcca.scrol.net/species/Pyramimonas-orientalis
Pyramimonas parkeae	Pyramimonas parkeae	https://norcca.scrol.net/species/Pyramimonas-parkeae
Pyramimonas plurioculata	Pyramimonas plurioculata	https://norcca.scrol.net/species/Pyramimonas-plurioculata
Pyramimonas propulsa	Pyramimonas propulsa	https://norcca.scrol.net/species/Pyramimonas-propulsa
Pyramimonas sp.		
Pyramimonas tetrarhynchus	Pyramimonas tetrarhynchus	https://norcca.scrol.net/species/Pyramimonas-tetrarhynchus
Pyramimonas tychotreta	Pyramimonas tychotreta	https://norcca.scrol.net/species/Pyramimonas-tychotreta
Pyrocystis lunula	Pyrocystis lunula	https://norcca.scrol.net/species/Pyrocystis-lunula
Pyrocystis pseudonoctiluca	Pyrocystis pseudonoctiluca	https://norcca.scrol.net/species/Pyrocystis-pseudonoctiluca
Raphidiopsis curvata	Raphidiopsis curvata	https://norcca.scrol.net/species/Raphidiopsis-curvata
Raphidocelis inclinata var. serialis	Raphidocelis inclinata var. serialis	https://norcca.scrol.net/species/Raphidocelis-inclinata-var-serialis
Raphidocelis subcapitata	Raphidocelis subcapitata	https://norcca.scrol.net/species/Raphidocelis-subcapitata
Rhabdogloea cf. linearis	Rhabdogloea linearis	https://norcca.scrol.net/species/Rhabdogloea-cf-linearis
Rhinomonas nottbecki	Rhinomonas nottbecki	https://norcca.scrol.net/species/Rhinomonas-nottbecki
Rhodomonas baltica	Rhodomonas baltica	https://norcca.scrol.net/species/Rhodomonas-baltica
Rhodomonas lacustris	Rhodomonas lacustris	https://norcca.scrol.net/species/Rhodomonas-lacustris
Rhodomonas marina	Rhodomonas marina	https://norcca.scrol.net/species/Rhodomonas-marina
Rhodomonas salina	Rhodomonas salina	https://norcca.scrol.net/species/Rhodomonas-salina
Rhodomonas sp.		
Rhodothamniella floridula	Rhodothamniella floridula	https://norcca.scrol.net/species/Rhodothamniella-floridula
Ruthnielsenia tenuis	Ruthnielsenia tenuis	https://norcca.scrol.net/species/Ruthnielsenia-tenuis
Ruttnera lamellosa	Ruttnera lamellosa	https://norcca.scrol.net/species/Ruttnera-lamellosa
Scenedesmus sp.		
Schizogonium sp.		
Schizomeris sp.		
Scrippsiella acuminata	Scrippsiella acuminata	https://norcca.scrol.net/species/Scrippsiella-acuminata
Scrippsiella donghaiensis	Scrippsiella donghaiensis	https://norcca.scrol.net/species/Scrippsiella-donghaiensis
Scrippsiella erinaceus	Scrippsiella erinaceus	https://norcca.scrol.net/species/Scrippsiella-erinaceus
Scrippsiella lachrymosa	Scrippsiella lachrymosa	https://norcca.scrol.net/species/Scrippsiella-lachrymosa
Scrippsiella sp.		
Scrippsiella trochoidea var. aciculifera	Scrippsiella trochoidea var. aciculifera	https://norcca.scrol.net/species/Scrippsiella-trochoidea-var-aciculifera
Scytonema sp.		
Scytosiphon lomentaria	Scytosiphon lomentaria	https://norcca.scrol.net/species/Scytosiphon-lomentaria
Selenastrum bibraianum	Selenastrum bibraianum	https://norcca.scrol.net/species/Selenastrum-bibraianum
Selenastrum sp.		
Shionodiscus bioculatus	Shionodiscus bioculatus	https://norcca.scrol.net/species/Shionodiscus-bioculatus
Skeletonema dohrnii	Skeletonema dohrnii	https://norcca.scrol.net/species/Skeletonema-dohrnii
Skeletonema japonicum	Skeletonema japonicum	https://norcca.scrol.net/species/Skeletonema-japonicum
Skeletonema marinoi	Skeletonema marinoi	https://norcca.scrol.net/species/Skeletonema-marinoi
Skeletonema pseudocostatum	Skeletonema pseudocostatum	https://norcca.scrol.net/species/Skeletonema-pseudocostatum
Skeletonema sp.		
Skeletonema tropicum	Skeletonema tropicum	https://norcca.scrol.net/species/Skeletonema-tropicum
Snowella lacustris	Snowella lacustris	https://norcca.scrol.net/species/Snowella-lacustris
Sphaerocystis schroeteri	Sphaerocystis schroeteri	https://norcca.scrol.net/species/Sphaerocystis-schroeteri
Sphaerospermopsis aphanizomenoides	Sphaerospermopsis aphanizomenoides	https://norcca.scrol.net/species/Sphaerospermopsis-aphanizomenoides
Sphaerospermopsis cf. reniformis		
Sphaerospermopsis reniformis	Sphaerospermopsis reniformis	https://norcca.scrol.net/species/Sphaerospermopsis-reniformis
Sphaerozosma sp.		
Spiniferodinium limneticum	Spiniferodinium limneticum	https://norcca.scrol.net/species/Spiniferodinium-limneticum
Spiniferodinium palustre	Spiniferodinium palustre	https://norcca.scrol.net/species/Spiniferodinium-palustre
Spirogyra singularis	Spirogyra singularis	https://norcca.scrol.net/species/Spirogyra-singularis
Spirogyra sp.		
Spirulina major	Spirulina major	https://norcca.scrol.net/species/Spirulina-major
Spirulina subsalsa	Spirulina subsalsa	https://norcca.scrol.net/species/Spirulina-subsalsa
Spondylosium secedens	Spondylosium secedens	https://norcca.scrol.net/species/Spondylosium-secedens
Stanieria sp.		
Staurastrum cf. boreale	Staurastrum boreale	https://norcca.scrol.net/species/Staurastrum-cf-boreale
Staurastrum gracile	Staurastrum gracile	https://norcca.scrol.net/species/Staurastrum-gracile
Staurastrum hexacerum	Staurastrum hexacerum	https://norcca.scrol.net/species/Staurastrum-hexacerum
Staurastrum leptocladum var. cornutum	Staurastrum leptocladum var. cornutum	https://norcca.scrol.net/species/Staurastrum-leptocladum-var-cornutum
Staurastrum pingue	Staurastrum pingue	https://norcca.scrol.net/species/Staurastrum-pingue
Staurastrum sp.		
Staurodesmus cf. patens	Staurodesmus patens	https://norcca.scrol.net/species/Staurodesmus-cf-patens
Stichococcus bacillaris	Stichococcus bacillaris	https://norcca.scrol.net/species/Stichococcus-bacillaris
Stictyosiphon soriferus	Stictyosiphon soriferus	https://norcca.scrol.net/species/Stictyosiphon-soriferus
Stictyosiphon tortilis	Stictyosiphon tortilis	https://norcca.scrol.net/species/Stictyosiphon-tortilis
Stigeoclonium sp.		
Stigonema cf. turfaceum	Stigonema turfaceum	https://norcca.scrol.net/species/Stigonema-cf-turfaceum
Storeatula sp.		
Stragularia clavata	Stragularia clavata	https://norcca.scrol.net/species/Stragularia-clavata
Streblonema zanardinii	Streblonema zanardinii	https://norcca.scrol.net/species/Streblonema-zanardinii
Stylonema alsidii	Stylonema alsidii	https://norcca.scrol.net/species/Stylonema-alsidii
Symbiodinium sp.		
Symploca sp.		
Symplocastrum muelleri	Symplocastrum muelleri	https://norcca.scrol.net/species/Symplocastrum-muelleri
Syncoryne reinkei	Syncoryne reinkei	https://norcca.scrol.net/species/Syncoryne-reinkei
Synechococcus cf. rhodobaktron	Synechococcus rhodobaktron	https://norcca.scrol.net/species/Synechococcus-cf-rhodobaktron
Synechococcus elongatus	Synechococcus elongatus	https://norcca.scrol.net/species/Synechococcus-elongatus
Synechococcus nidulans	Synechococcus nidulans	https://norcca.scrol.net/species/Synechococcus-nidulans
Synechococcus sp.		
Synedra rumpens var. familiaris	Synedra rumpens var. familiaris	https://norcca.scrol.net/species/Synedra-rumpens-var-familiaris
Synedropsis hyperborea	Synedropsis hyperborea	https://norcca.scrol.net/species/Synedropsis-hyperborea
Synura curtispina	Synura curtispina	https://norcca.scrol.net/species/Synura-curtispina
Synura echinulata	Synura echinulata	https://norcca.scrol.net/species/Synura-echinulata
Synura glabra	Synura glabra	https://norcca.scrol.net/species/Synura-glabra
Synura petersenii	Synura petersenii	https://norcca.scrol.net/species/Synura-petersenii
Synura sp.		
Synura uvella	Synura uvella	https://norcca.scrol.net/species/Synura-uvella
Tapinothrix violacea	Tapinothrix violacea	https://norcca.scrol.net/species/Tapinothrix-violacea
Teleaulax acuta	Teleaulax acuta	https://norcca.scrol.net/species/Teleaulax-acuta
Teleaulax amphioxeia	Teleaulax amphioxeia	https://norcca.scrol.net/species/Teleaulax-amphioxeia
Tellamia contorta	Tellamia contorta	https://norcca.scrol.net/species/Tellamia-contorta
Tetracystis sp.(?)		
Tetradesmus cf. dimorphus	Tetradesmus dimorphus	https://norcca.scrol.net/species/Tetradesmus-cf-dimorphus
Tetradesmus lagerheimii	Tetradesmus lagerheimii	https://norcca.scrol.net/species/Tetradesmus-lagerheimii
Tetradesmus obliquus	Tetradesmus obliquus	https://norcca.scrol.net/species/Tetradesmus-obliquus
Tetradesmus obtusus	Tetradesmus obtusus	https://norcca.scrol.net/species/Tetradesmus-obtusus
Tetraëdron minimum	Tetraëdron minimum	https://norcca.scrol.net/species/Tetraëdron-minimum
Tetraselmis aff. maculata	Tetraselmis maculata	https://norcca.scrol.net/species/Tetraselmis-aff-maculata
Tetraselmis contracta	Tetraselmis contracta	https://norcca.scrol.net/species/Tetraselmis-contracta
Tetraselmis levis	Tetraselmis levis	https://norcca.scrol.net/species/Tetraselmis-levis
Tetraselmis marina	Tetraselmis marina	https://norcca.scrol.net/species/Tetraselmis-marina
Tetraselmis sp.		
Tetraselmis subcordiformis	Tetraselmis subcordiformis	https://norcca.scrol.net/species/Tetraselmis-subcordiformis
Tetraselmis suecica	Tetraselmis suecica	https://norcca.scrol.net/species/Tetraselmis-suecica
Tetraselmis verrucosa	Tetraselmis verrucosa	https://norcca.scrol.net/species/Tetraselmis-verrucosa
Tetraselmis wettsteinii	Tetraselmis wettsteinii	https://norcca.scrol.net/species/Tetraselmis-wettsteinii
Thalassiosira allenii	Thalassiosira allenii	https://norcca.scrol.net/species/Thalassiosira-allenii
Thalassiosira delicatula	Thalassiosira delicatula	https://norcca.scrol.net/species/Thalassiosira-delicatula
Thalassiosira gravida	Thalassiosira gravida	https://norcca.scrol.net/species/Thalassiosira-gravida
Thalassiosira hispida	Thalassiosira hispida	https://norcca.scrol.net/species/Thalassiosira-hispida
Thalassiosira nordenskioeldii	Thalassiosira nordenskioeldii	https://norcca.scrol.net/species/Thalassiosira-nordenskioeldii
Thalassiosira pseudonana	Thalassiosira pseudonana	https://norcca.scrol.net/species/Thalassiosira-pseudonana
Thalassiosira punctifera	Thalassiosira punctifera	https://norcca.scrol.net/species/Thalassiosira-punctifera
Thalassiosira sp.		
Thecadinium kofoidii	Thecadinium kofoidii	https://norcca.scrol.net/species/Thecadinium-kofoidii
Theleodinium calcisporum	Theleodinium calcisporum	https://norcca.scrol.net/species/Theleodinium-calcisporum
Thoracosphaera heimii	Thoracosphaera heimii	https://norcca.scrol.net/species/Thoracosphaera-heimii
Tisochrysis sp.		
Tolypothrix sp. ?		
Tovellia aveirensis	Tovellia aveirensis	https://norcca.scrol.net/species/Tovellia-aveirensis
Tovellia coronata	Tovellia coronata	https://norcca.scrol.net/species/Tovellia-coronata
Tovellia leopoliensis	Tovellia leopoliensis	https://norcca.scrol.net/species/Tovellia-leopoliensis
Trachelomonas sp.		
Trentepohlia sp.		
Tribonema aequale	Tribonema aequale	https://norcca.scrol.net/species/Tribonema-aequale
Tribonema minus	Tribonema minus	https://norcca.scrol.net/species/Tribonema-minus
Tribonema regulare	Tribonema regulare	https://norcca.scrol.net/species/Tribonema-regulare
Tribonema sp.		
Tribonema vulgare	Tribonema vulgare	https://norcca.scrol.net/species/Tribonema-vulgare
Trichormus variabilis	Trichormus variabilis	https://norcca.scrol.net/species/Trichormus-variabilis
Trichothyra irregularis	Trichothyra irregularis	https://norcca.scrol.net/species/Trichothyra-irregularis
Tychonema bornetii	Tychonema bornetii	https://norcca.scrol.net/species/Tychonema-bornetii
Tychonema bornetii var. intermedia	Tychonema bornetii var. intermedia	https://norcca.scrol.net/species/Tychonema-bornetii-var-intermedia
Tychonema bourrellyi	Tychonema bourrellyi	https://norcca.scrol.net/species/Tychonema-bourrellyi
Tychonema sp.		
Tychonema sp. (?)		
Ulothrix sp.		
Ulothrix speciosa	Ulothrix speciosa	https://norcca.scrol.net/species/Ulothrix-speciosa
Ulvaria fusca	Ulvaria fusca	https://norcca.scrol.net/species/Ulvaria-fusca
Ulvella aequicrassa	Ulvella aequicrassa	https://norcca.scrol.net/species/Ulvella-aequicrassa
Ulvella dasycala	Ulvella dasycala	https://norcca.scrol.net/species/Ulvella-dasycala
Ulvella endostraca	Ulvella endostraca	https://norcca.scrol.net/species/Ulvella-endostraca
Ulvella gigas	Ulvella gigas	https://norcca.scrol.net/species/Ulvella-gigas
Ulvella glabra	Ulvella glabra	https://norcca.scrol.net/species/Ulvella-glabra
Ulvella heteroclada	Ulvella heteroclada	https://norcca.scrol.net/species/Ulvella-heteroclada
Ulvella inopinata	Ulvella inopinata	https://norcca.scrol.net/species/Ulvella-inopinata
Ulvella lens	Ulvella lens	https://norcca.scrol.net/species/Ulvella-lens
Ulvella leptochaete	Ulvella leptochaete	https://norcca.scrol.net/species/Ulvella-leptochaete
Ulvella marchantiae	Ulvella marchantiae	https://norcca.scrol.net/species/Ulvella-marchantiae
Ulvella operculata	Ulvella operculata	https://norcca.scrol.net/species/Ulvella-operculata
Ulvella pachypes	Ulvella pachypes	https://norcca.scrol.net/species/Ulvella-pachypes
Ulvella parasitica	Ulvella parasitica	https://norcca.scrol.net/species/Ulvella-parasitica
Ulvella parasitica f. zosterae	Ulvella parasitica f. zosterae	https://norcca.scrol.net/species/Ulvella-parasitica-f-zosterae
Ulvella pseudorepens	Ulvella pseudorepens	https://norcca.scrol.net/species/Ulvella-pseudorepens
Ulvella ramosa	Ulvella ramosa	https://norcca.scrol.net/species/Ulvella-ramosa
Ulvella repens	Ulvella repens	https://norcca.scrol.net/species/Ulvella-repens
Ulvella scutata	Ulvella scutata	https://norcca.scrol.net/species/Ulvella-scutata
Ulvella setchellii	Ulvella setchellii	https://norcca.scrol.net/species/Ulvella-setchellii
Ulvella sp.		
Ulvella vacuospora	Ulvella vacuospora	https://norcca.scrol.net/species/Ulvella-vacuospora
Ulvella viridis	Ulvella viridis	https://norcca.scrol.net/species/Ulvella-viridis
Ulvella waernii	Ulvella waernii	https://norcca.scrol.net/species/Ulvella-waernii
Ulvella witrockii	Ulvella witrockii	https://norcca.scrol.net/species/Ulvella-witrockii
Undetermined Cymatosiraceae	Undetermined Cymatosiraceae	
Unident. chlorophyte sp.		
Unident. chrysophyte sp.		
Unident. cyanophyte sp.		
unident. desmid sp.		
Unident. diatom		
Unident. diatom sp.		
Unident. Euglenophyte sp.		
Unident. Eustigmatotophyte sp.		
Unident. sp.		
Unidentified		
Unidentified chroococcal species		
Unidentified chrysophycean		
Unidentified coccolithophyceaen sp.		
Unidentified colonies		
Unidentified dinoflagellate		
Unidentified green alga		
Unidentified Microchaetaceae species		
Unidentified pelagophyceae		
Unidentified pennales		
unidentified picoflagellate		
Unidentified trichal species		
Unidentified, marine flagellate		
unknown pennate diatom		
Vacuolaria cf. virescens	Vacuolaria virescens	https://norcca.scrol.net/species/Vacuolaria-cf-virescens
Vaucheria bursata	Vaucheria bursata	https://norcca.scrol.net/species/Vaucheria-bursata
Vaucheria bursata s.l.		
Vaucheria canalicularis	Vaucheria canalicularis	https://norcca.scrol.net/species/Vaucheria-canalicularis
Vaucheria coronata	Vaucheria coronata	https://norcca.scrol.net/species/Vaucheria-coronata
Vaucheria dichotoma	Vaucheria dichotoma	https://norcca.scrol.net/species/Vaucheria-dichotoma
Vaucheria dillwynii	Vaucheria dillwynii	https://norcca.scrol.net/species/Vaucheria-dillwynii
Vaucheria erythrospora	Vaucheria erythrospora	https://norcca.scrol.net/species/Vaucheria-erythrospora
Vaucheria frigida	Vaucheria frigida	https://norcca.scrol.net/species/Vaucheria-frigida
Vaucheria frigida s.l.		
Vaucheria litorea	Vaucheria litorea	https://norcca.scrol.net/species/Vaucheria-litorea
Vaucheria prona	Vaucheria prona	https://norcca.scrol.net/species/Vaucheria-prona
Vaucheria synandra	Vaucheria synandra	https://norcca.scrol.net/species/Vaucheria-synandra
Vaucheria taylorii	Vaucheria taylorii	https://norcca.scrol.net/species/Vaucheria-taylorii
Vitrella brassicaeformis	Vitrella brassicaeformis	https://norcca.scrol.net/species/Vitrella-brassicaeformis
Vitreochlamys fluviatilis	Vitreochlamys fluviatilis	https://norcca.scrol.net/species/Vitreochlamys-fluviatilis
Volvox aureus	Volvox aureus	https://norcca.scrol.net/species/Volvox-aureus
Volvox globator	Volvox globator	https://norcca.scrol.net/species/Volvox-globator
Woloszynskia pascheri	Woloszynskia pascheri	https://norcca.scrol.net/species/Woloszynskia-pascheri
Woronichinia naegeliana	Woronichinia naegeliana	https://norcca.scrol.net/species/Woronichinia-naegeliana
Xanthidium antilopaeum	Xanthidium antilopaeum	https://norcca.scrol.net/species/Xanthidium-antilopaeum
Zygnema sp.		
Zygnema subcylindricum	Zygnema subcylindricum	https://norcca.scrol.net/species/Zygnema-subcylindricum
